{
  "type": "minecraft:block",
  "pools": [
    {
      "rolls": 2,
      "entries": [
        {
          "type": "minecraft:item",
          "name": "cobblemon:poke_ball",
          "weight": 5
        },
        {
          "type": "minecraft:item",
          "name": "cobblemon:great_ball",
          "weight": 3
        },
        {
          "type": "minecraft:item",
          "name": "cobblemon:ultra_ball",
          "weight": 1
        },
        {
          "type": "minecraft:item",
          "name": "minecraft:apple",
          "weight": 6
        },
        {
          "type": "minecraft:item",
          "name": "minecraft:bread",
          "weight": 5
        },
        {
          "type": "minecraft:item",
          "name": "minecraft:cooked_beef",
          "weight": 4
        },
        {
          "type": "minecraft:item",
          "name": "minecraft:cooked_chicken",
          "weight": 4
        },
        {
          "type": "minecraft:item",
          "name": "minecraft:cooked_porkchop",
          "weight": 4
        },
        {
          "type": "minecraft:item",
          "name": "minecraft:cookie",
          "weight": 3
        },
        {
          "type": "minecraft:item",
          "name": "minecraft:melon",
          "weight": 3
        },
        {
          "type": "minecraft:item",
          "name": "minecraft:carrot",
          "weight": 3
        },
        {
          "type": "minecraft:item",
          "name": "minecraft:potato",
          "weight": 3
        },
        {
          "type": "minecraft:item",
          "name": "minecraft:baked_potato",
          "weight": 2
        },
        {
          "type": "minecraft:item",
          "name": "minecraft:pumpkin_pie",
          "weight": 2
        },
        {
          "type": "minecraft:item",
          "name": "minecraft:golden_apple",
          "weight": 1
        },
        {
          "type": "minecraft:item",
          "name": "cobblemon:berry",
          "weight": 2
        }
      ]
    }
  ]
}